<?xml version="1.0"?>
<manifest identifier="ADT_Module5" version="1.1"
          xmlns="http://www.imsproject.org/xsd/imscp_rootv1p1p2"
          xmlns:adlcp="http://www.adlnet.org/xsd/adlcp_rootv1p2"
          xmlns:xsi="http://www.w3.org/2001/XMLSchema-instance"
          xsi:schemaLocation="http://www.imsproject.org/xsd/imscp_rootv1p1p2 imscp_rootv1p1p2.xsd
                              http://www.imsglobal.org/xsd/imsmd_rootv1p2p1 imsmd_rootv1p2p1.xsd
                              http://www.adlnet.org/xsd/adlcp_rootv1p2 adlcp_rootv1p2.xsd">
   <organizations default="ORGE441F">

      <organization identifier="ORGE441F">

         <title>Power Builders</title>

         <item identifier="E441F_I01" identifierref="RE441F_S01"  isvisible="true">
            <title>Commodity</title>
            <metadata>
               <schema>ADL SCORM</schema>
               <schemaversion>1.2</schemaversion>
            </metadata>
		 </item>
         <metadata>
            <schema>ADL SCORM</schema>
            <schemaversion>1.2</schemaversion>
         </metadata>
      </organization>
   </organizations>
   <resources>

      <resource identifier="RE441F_S01" type="webcontent" adlcp:scormtype="sco" href="index.html">
         <metadata>
            <schema>ADL SCORM</schema>
            <schemaversion>1.2</schemaversion>
         </metadata>
         <file href="index.html" />
      </resource>
   </resources>
</manifest>
